Id,Expected
0,3.4689617766633876
2,3.3835284988506538
3,0.8272889947386487
5,4.188114140020396
6,3.0696695850064075
7,0.5450970056531663
9,0.6380267761895589
10,1.1849553054593882
16,0.9494220624051958
20,2.1064211930421255
21,1.3322087721708034
22,2.037550412046751
26,1.117066376985448
37,2.0314439012318566
47,1.4783895368994837
50,1.4398679968838473
54,1.4904510538859406
56,-1.1547782277625722
57,3.6879513492347145
64,4.635975917768225
